<?xml version="1.0" encoding="UTF-8"?><rss version="2.0"
	xmlns:content="http://purl.org/rss/1.0/modules/content/"
	xmlns:wfw="http://wellformedweb.org/CommentAPI/"
	xmlns:dc="http://purl.org/dc/elements/1.1/"
	xmlns:atom="http://www.w3.org/2005/Atom"
	xmlns:sy="http://purl.org/rss/1.0/modules/syndication/"
	xmlns:slash="http://purl.org/rss/1.0/modules/slash/"
	>

<channel>
	<title>Sin categoría</title>
	<atom:link href="/category/sin-categoria/feed/" rel="self" type="application/rss+xml" />
	<link>/</link>
	<description></description>
	<lastBuildDate>Sat, 18 Mar 2023 17:14:27 +0000</lastBuildDate>
	<language>es-AR</language>
	<sy:updatePeriod>
	hourly	</sy:updatePeriod>
	<sy:updateFrequency>
	1	</sy:updateFrequency>
	<generator>https://wordpress.org/?v=6.1.1</generator>
	<item>
		<title>¡Hola mundo!</title>
		<link>/2023/03/18/hola-mundo/</link>
					<comments>/2023/03/18/hola-mundo/#comments</comments>
		
		<dc:creator><![CDATA[norecchia]]></dc:creator>
		<pubDate>Sat, 18 Mar 2023 17:14:27 +0000</pubDate>
				<category><![CDATA[Sin categoría]]></category>
		<guid isPermaLink="false">/?p=1</guid>

					<description><![CDATA[Bienvenido a WordPress. Esta es tu primera entrada. Editala o borrala, y después ¡empezá a escribir!]]></description>
										<content:encoded><![CDATA[
<p>Bienvenido a WordPress. Esta es tu primera entrada. Editala o borrala, y después ¡empezá a escribir!</p>
]]></content:encoded>
					
					<wfw:commentRss>/2023/03/18/hola-mundo/feed/</wfw:commentRss>
			<slash:comments>1</slash:comments>
		
		
			</item>
	</channel>
</rss>
